101,1563289487915143966,1563289487944582939
102,1563289487916340112,1563289487946197986
103,1563289487917243003,1563289487947707891
104,1563289487918178081,1563289487948753118
105,1563289487920454978,1563289487949065923
106,1563289487921350955,1563289487949353933
107,1563289487922283887,1563289487949639081
108,1563289487923034906,1563289487949922084
109,1563289487923763990,1563289487951755046
110,1563289487924484014,1563289487952995061
111,1563289487925201892,1563289487953285932
112,1563289487928994894,1563289487953571081
113,1563289487929874897,1563289487953852891
114,1563289487935971021,1563289487954134941
115,1563289487937201023,1563289488080302953
116,1563289487942603111,1563289488084252119
117,1563289487946894884,1563289488084881067
118,1563289487948287963,1563289488088383913
119,1563289487950489044,1563289488094501018
120,1563289487951231956,1563289488094886064
121,1563289487954909086,1563289488095175027
122,1563289487955981016,1563289488095458984
123,1563289487956958055,1563289488095741987
124,1563289487957973003,1563289488098467111
125,1563289487958971977,1563289488098761081
126,1563289487959968090,1563289488099046945
127,1563289487960974931,1563289488099833011
128,1563289487962074995,1563289488101524114
129,1563289487962970972,1563289488101819038
130,1563289487963965892,1563289488107666015
131,1563289487964952945,1563289488107968091
132,1563289487965970993,1563289488108253955
133,1563289487966974973,1563289488108539104
134,1563289487967969894,1563289488108823060
135,1563289487968949079,1563289488109112977
136,1563289487969953060,1563289488109391927
137,1563289487970949888,1563289488109678030
138,1563289487972085952,1563289488109951019
139,1563289487973011970,1563289488113473892
140,1563289487973968982,1563289488113775968
141,1563289487974968910,1563289488114061117
142,1563289487975958108,1563289488114343881
143,1563289487976958036,1563289488114626884
144,1563289487977972984,1563289488114911079
145,1563289487978966951,1563289488115312099
146,1563289487979970932,1563289488115597963
147,1563289487980954885,1563289488115993976
148,1563289487982136964,1563289488116388082
149,1563289487982990980,1563289488116673946
150,1563289487983964920,1563289488116959095
151,1563289487984951019,1563289488117244958
152,1563289487985946893,1563289488117530107
153,1563289487987144947,1563289488117814064
154,1563289487988013029,1563289488124923944
155,1563289487988965988,1563289488125224113
156,1563289487989968061,1563289488125504016
157,1563289487990967988,1563289488125787973
158,1563289487992080926,1563289488128484964
159,1563289487992909908,1563289488255477905
160,1563289487993973016,1563289488255876064
161,1563289487994956016,1563289488256169080
162,1563289487995953083,1563289488256453990
163,1563289487996972084,1563289488256731986
164,1563289487997991085,1563289488257013082
165,1563289487998953104,1563289488257289886
166,1563289487999975919,1563289488257683038
167,1563289488000969886,1563289488257967948
168,1563289488002077102,1563289488258249044
169,1563289488002929925,1563289488258532047
170,1563289488003971099,1563289488258992910
171,1563289488004967927,1563289488259284019
172,1563289488005971908,1563289488259569883
173,1563289488006968021,1563289488261212110
174,1563289488007950067,1563289488261517047
175,1563289488009006977,1563289488261801004
176,1563289488009866952,1563289488262701034
177,1563289488010947942,1563289488262993097
178,1563289488012092113,1563289488264712095
179,1563289488013029098,1563289488264997005
180,1563289488013972043,1563289488265275955
181,1563289488014952898,1563289488265558004
182,1563289488015974044,1563289488265841960
183,1563289488016957998,1563289488266124963
184,1563289488017975091,1563289488266407012
185,1563289488020263910,1563289488266689062
186,1563289488021162033,1563289488267175912
187,1563289488022051095,1563289488267471075
188,1563289488022782087,1563289488267959117
189,1563289488023494958,1563289488268249988
190,1563289488024209976,1563289488268538951
191,1563289488024924993,1563289488268822908
192,1563289488025999069,1563289488269105911
193,1563289488026971101,1563289488269392013
194,1563289488027970075,1563289488269758939
195,1563289488028971910,1563289488271039962
196,1563289488029973030,1563289488271334886
197,1563289488030951976,1563289488271617889
198,1563289488032068014,1563289488272047042
199,1563289488032978057,1563289488272335052
200,1563289488033948898,1563289488272617101
201,1563289488034954071,1563289488272900104
202,1563289488036067962,1563289488273183107
203,1563289488036994934,1563289488273467063
204,1563289488038139104,1563289488273752927
205,1563289488038964033,1563289488281208992
206,1563289488039972066,1563289488281513929
207,1563289488040952920,1563289488281799077
208,1563289488042099952,1563289488282248973
209,1563289488042943954,1563289488282531976
210,1563289488043993949,1563289488282819986
211,1563289488045247077,1563289488283324003
212,1563289488046469926,1563289488283613920
213,1563289488048017978,1563289488283893108
214,1563289488048851013,1563289488284277915
215,1563289488049659967,1563289488284563064
216,1563289488050374984,1563289488284845113
217,1563289488051084995,1563289488285125970
218,1563289488053234100,1563289488285408973
219,1563289488054033041,1563289488285691022
220,1563289488055212020,1563289488285978078
221,1563289488056353092,1563289488286253929
222,1563289488057075977,1563289488286535978
223,1563289488057790994,1563289488286808967
224,1563289488058505058,1563289488287081003
225,1563289488059438943,1563289488287363052
226,1563289488060308933,1563289488287646055
227,1563289488061024904,1563289488287928104
228,1563289488062119007,1563289488288223028
229,1563289488062949895,1563289488288506031
230,1563289488063973903,1563289488288791894
231,1563289488064964056,1563289488289069890
232,1563289488065973043,1563289488289350986
233,1563289488067035913,1563289488289628028
234,1563289488067956924,1563289488289902925
235,1563289488068974018,1563289488290183067
236,1563289488069969892,1563289488290463924
237,1563289488071135997,1563289488290746927
238,1563289488072046041,1563289488291028022
239,1563289488072976112,1563289488291310071
240,1563289488073968887,1563289488291589975
241,1563289488074974060,1563289488291929960
242,1563289488075972080,1563289488293685913
243,1563289488076972007,1563289488293972969
244,1563289488077971935,1563289488294245958
245,1563289488079536914,1563289488294516086
246,1563289488080984115,1563289488294799089
247,1563289488081798076,1563289488295080900
248,1563289488082727909,1563289488295365095
249,1563289488083466053,1563289488295646905
250,1563289488085443019,1563289488295933008
251,1563289488086170911,1563289488296219110
252,1563289488086893081,1563289488296497106
253,1563289488087722063,1563289488297802925
254,1563289488089353084,1563289488298088073
255,1563289488090085029,1563289488298369884
256,1563289488090800046,1563289488298652887
257,1563289488091515064,1563289488298930883
258,1563289488092426061,1563289488303114891
259,1563289488093163013,1563289488303411006
260,1563289488096981048,1563289488303694963
261,1563289488099344968,1563289488303977966
262,1563289488100404024,1563289488304260015
263,1563289488102674961,1563289488304686069
264,1563289488103616952,1563289488304972887
265,1563289488105863094,1563289488305535078
266,1563289488106622934,1563289488305968046
267,1563289488110789060,1563289488306261062
268,1563289488118134021,1563289488306543111
269,1563289488120309114,1563289488306827068
270,1563289488121203899,1563289488307940959
271,1563289488122165918,1563289488309006929
272,1563289488122920989,1563289488309293985
273,1563289488123636960,1563289488309585094
274,1563289488126378059,1563289488312927961
275,1563289488127480030,1563289488314259052
276,1563289488129219055,1563289488314552068
277,1563289488129942893,1563289488316224098
278,1563289488130657911,1563289488316520929
279,1563289488131537914,1563289488316802978
280,1563289488132472991,1563289488317081928
281,1563289488133625030,1563289488317367076
282,1563289488134440898,1563289488317650079
283,1563289488135441064,1563289488317931890
284,1563289488136445045,1563289488318214893
285,1563289488137460947,1563289488318497896
286,1563289488138459920,1563289488318782091
287,1563289488139457941,1563289488319067001
288,1563289488140455961,1563289488319531917
289,1563289488141453981,1563289488319820880
290,1563289488142465114,1563289488428034067
291,1563289488143451929,1563289488428194046
292,1563289488144452095,1563289488428338050
293,1563289488145458936,1563289488428500890
294,1563289488146457910,1563289488428643941
295,1563289488147456884,1563289488428785085
296,1563289488148458003,1563289488428946018
297,1563289488149549007,1563289488429169893
298,1563289488150456905,1563289488429311037
299,1563289488151456117,1563289488429449081
300,1563289488152570009,1563289488429608106
301,1563289488153459072,1563289488429749965
302,1563289488154441118,1563289488429891109
303,1563289488155441999,1563289488430037975
304,1563289488156449079,1563289488430202007
305,1563289488157459020,1563289488430345058
306,1563289488158442020,1563289488430485963
307,1563289488159457921,1563289488430644035
308,1563289488160449981,1563289488430788993
309,1563289488161452054,1563289488430927038
310,1563289488162594079,1563289488431066036
311,1563289488163400888,1563289488431227922
312,1563289488164455890,1563289488431369066
313,1563289488165457010,1563289488431510925
314,1563289488166460037,1563289488431653022
315,1563289488167422056,1563289488431812047
316,1563289488168441057,1563289488432058095
317,1563289488169459104,1563289488432200908
318,1563289488170459032,1563289488432362079
319,1563289488171459913,1563289488432506084
320,1563289488172432899,1563289488432648897
321,1563289488173454999,1563289488432790040
322,1563289488174453020,1563289488432948112
323,1563289488175457000,1563289488433089971
324,1563289488176449060,1563289488433232069
325,1563289488177442073,1563289488433372020
326,1563289488178461074,1563289488434564113
327,1563289488179440021,1563289488434751033
328,1563289488180457115,1563289488434883117
329,1563289488181479930,1563289488435014009
330,1563289488182641029,1563289488435611009
331,1563289488183485984,1563289488435765981
332,1563289488184461116,1563289488435898065
333,1563289488185440063,1563289488436028003
334,1563289488186440944,1563289488436167955
335,1563289488187458038,1563289488436831951
336,1563289488188462018,1563289488436969995
337,1563289488189456939,1563289488437102079
338,1563289488190455913,1563289488437246084
339,1563289488191457986,1563289488437408924
340,1563289488192456960,1563289488437552928
341,1563289488193454980,1563289488437695026
342,1563289488194456100,1563289488437835931
343,1563289488195451974,1563289488437997102
344,1563289488196454048,1563289488438138008
345,1563289488197458028,1563289488438278913
346,1563289488198683977,1563289488438420057
347,1563289488199564933,1563289488438580036
348,1563289488200568914,1563289488438720941
349,1563289488201457023,1563289488438859939
350,1563289488202574968,1563289488439001083
351,1563289488203460931,1563289488439163923
352,1563289488204457044,1563289488439306974
353,1563289488205444097,1563289488439448118
354,1563289488206468105,1563289488439588069
355,1563289488207458019,1563289488440716028
356,1563289488208437919,1563289488440872907
357,1563289488209516048,1563289488441004991
358,1563289488210455894,1563289488441139936
359,1563289488211456060,1563289488441282987
360,1563289488212387084,1563289488441447019
361,1563289488213510036,1563289488441589117
362,1563289488214459896,1563289488441730976
363,1563289488215460062,1563289488441971063
364,1563289488216459035,1563289488442116022
365,1563289488217462062,1563289488442257881
366,1563289488218458890,1563289488442399024
367,1563289488220598936,1563289488442560911
368,1563289488221445083,1563289488442701101
369,1563289488222295999,1563289488442842006
370,1563289488223123073,1563289488442984104
371,1563289488223835945,1563289488443197011
372,1563289488224551916,1563289488443339109
373,1563289488225601911,1563289488443480014
374,1563289488226471900,1563289488443875074
375,1563289488227456092,1563289488444022893
376,1563289488228451967,1563289488444184064
377,1563289488229453086,1563289488444329977
378,1563289488230460882,1563289488444469928
379,1563289488231457948,1563289488444611072
380,1563289488232562065,1563289488444773912
381,1563289488233412981,1563289488445856094
382,1563289488234455108,1563289488446063995
383,1563289488235455989,1563289488447189092
384,1563289488236563920,1563289488447336912
385,1563289488237454891,1563289488447477102
386,1563289488238457918,1563289488449126005
387,1563289488239440917,1563289488449994087
388,1563289488240462064,1563289488450135946
389,1563289488241442918,1563289488450268030
390,1563289488242460012,1563289488450516939
391,1563289488243444919,1563289488450661897
392,1563289488244457006,1563289488450800895
393,1563289488245440959,1563289488450962066
394,1563289488246454954,1563289488451106071
395,1563289488247457027,1563289488451246976
396,1563289488248570919,1563289488451389074
397,1563289488260262012,1563289488451548099
398,1563289488262065887,1563289488454003095
399,1563289488263540983,1563289488454159975
400,1563289488264266967,1563289488454302072
401,1563289488270420074,1563289488454468965
402,1563289488274785995,1563289488454611063
403,1563289488292254924,1563289488454828977
404,1563289488293200016,1563289488454991102
405,1563289488297046899,1563289488455135107
406,1563289488299380064,1563289488455276012
407,1563289488307408094,1563289488455416917
408,1563289488308504104,1563289488455579996
409,1563289488310178041,1563289488455722093
410,1563289488310899019,1563289488455862045
411,1563289488311608076,1563289488456408977
412,1563289488312455892,1563289488457309007
413,1563289488313498973,1563289488457526922
414,1563289488314932107,1563289488457659959
415,1563289488315659046,1563289488457819938
416,1563289488320532083,1563289488457962989
417,1563289488321747064,1563289488458105087
418,1563289488322633981,1563289488458245992
419,1563289488323589086,1563289488458408117
420,1563289488324595928,1563289488458550930
421,1563289488325588941,1563289488458781003
422,1563289488326591014,1563289488458942890
423,1563289488327598094,1563289488459085941
424,1563289488328576087,1563289488459227085
425,1563289488329576969,1563289488459368944
426,1563289488330595016,1563289488459533929
427,1563289488331593036,1563289488459676027
428,1563289488332602024,1563289488459816932
429,1563289488333595037,1563289488459975004
430,1563289488334616899,1563289488460119962
431,1563289488335592985,1563289488462601900
432,1563289488336704969,1563289488462758064
433,1563289488337590932,1563289488462927103
434,1563289488338589906,1563289488463068962
435,1563289488339592933,1563289488463211059
436,1563289488340590953,1563289488464855909
437,1563289488341589927,1563289488466293096
438,1563289488342602968,1563289488466552972
439,1563289488343595027,1563289488466686964
440,1563289488344491958,1563289488466849088
441,1563289488345381021,1563289488466993093
442,1563289488346380949,1563289488467134952
443,1563289488347382068,1563289488467277050
444,1563289488348385095,1563289488468854904
445,1563289488349401950,1563289488469003915
446,1563289488350379943,1563289488469170093
447,1563289488351381063,1563289488469312906
448,1563289488352446079,1563289488469455003
449,1563289488353374958,1563289488470350980
450,1563289488354382991,1563289488470503091
451,1563289488355381965,1563289488470648050
452,1563289488356381893,1563289488602379083
453,1563289488357381105,1563289488606677055
454,1563289488358381032,1563289488620872974
455,1563289488359381914,1563289488621040105
456,1563289488360380887,1563289488621186017
457,1563289488361380100,1563289488621330022
458,1563289488362385988,1563289488621494054
459,1563289488363380908,1563289488622113943
460,1563289488364371061,1563289488623400926
461,1563289488365380048,1563289488623543024
462,1563289488366380929,1563289488623697042
463,1563289488367435932,1563289488623832941
464,1563289488368376970,1563289488623975992
465,1563289488369388103,1563289488624119043
466,1563289488370376110,1563289488624281883
467,1563289488371378898,1563289488624424934
468,1563289488372383117,1563289488625257968
469,1563289488373374938,1563289488625647068
470,1563289488374375104,1563289488625786066
471,1563289488375380992,1563289488625945091
472,1563289488376382112,1563289488626084089
473,1563289488377381086,1563289488626225948
474,1563289488378371953,1563289488626566886
475,1563289488379371881,1563289488627484083
476,1563289488380379915,1563289488627691030
477,1563289488381381034,1563289488627831935
478,1563289488382416009,1563289488627973079
479,1563289488383382081,1563289488628117084
480,1563289488384382963,1563289488628276109
481,1563289488385380983,1563289488628412008
482,1563289488386380910,1563289488628554105
483,1563289488387379884,1563289488628695011
484,1563289488388382911,1563289488628856897
485,1563289488389380931,1563289488628998994
486,1563289488390382051,1563289488629139900
487,1563289488391377925,1563289488629301071
488,1563289488392379999,1563289488629442930
489,1563289488393382072,1563289488629584074
490,1563289488394381046,1563289488629723072
491,1563289488395385026,1563289488629879951
492,1563289488396383047,1563289488630022048
493,1563289488397382974,1563289488630163908
494,1563289488398381948,1563289488630305051
495,1563289488399382114,1563289488630466938
496,1563289488400386095,1563289488630620956
497,1563289488401382923,1563289488630760908
498,1563289488402667045,1563289488630903005
499,1563289488403764009,1563289488631064891
500,1563289488404408931,1563289488631207942
501,1563289488405381917,1563289488631350040
502,1563289488406380891,1563289488631490945
503,1563289488407380104,1563289488631654024
504,1563289488408380031,1563289488631794929
505,1563289488409415006,1563289488632031917
506,1563289488410381078,1563289488632194042
507,1563289488411384105,1563289488632338047
508,1563289488412384986,1563289488632479906
509,1563289488413373947,1563289488632618904
510,1563289488414385080,1563289488632781028
511,1563289488415380954,1563289488632922887
512,1563289488416445016,1563289488633064985
513,1563289488417392015,1563289488633207082
514,1563289488418366909,1563289488633369922
515,1563289488419603109,1563289488633512020
516,1563289488420588970,1563289488633654117
517,1563289488421430110,1563289488633812904
518,1563289488422411918,1563289488633956909
519,1563289488433554887,1563289488634097099
520,1563289488434097051,1563289488634238958
521,1563289488435157060,1563289488634401082
522,1563289488436335086,1563289488634543895
523,1563289488439713001,1563289488634684085
524,1563289488440145015,1563289488634824037
525,1563289488444932937,1563289488634984970
526,1563289488445384025,1563289488635128021
527,1563289488447633028,1563289488635267972
528,1563289488448052883,1563289488635411024
529,1563289488448613882,1563289488635574102
530,1563289488449542045,1563289488635715961
531,1563289488456140041,1563289488635858058
532,1563289488456850051,1563289488635999917
533,1563289488460287094,1563289488637795925
534,1563289488460753917,1563289488637945890
535,1563289488461131095,1563289488638087987
536,1563289488461508989,1563289488638230085
537,1563289488462135076,1563289488638391971
538,1563289488463502883,1563289488638535022
539,1563289488463911056,1563289488638783931
540,1563289488465338945,1563289488638943910
541,1563289488465806007,1563289488642798900
542,1563289488467484951,1563289488642957925
543,1563289488467895984,1563289488643101930
544,1563289488469687938,1563289488643243074
545,1563289488470136880,1563289488643474102
546,1563289488471079111,1563289488643618106
547,1563289488471932888,1563289488643759965
548,1563289488472820043,1563289488643898963
549,1563289488473823070,1563289488644064903
550,1563289488474817037,1563289488644462108
551,1563289488475812911,1563289488645433902
552,1563289488476814031,1563289488645570993
553,1563289488477832078,1563289488645725965
554,1563289488478820085,1563289488645858049
555,1563289488479811906,1563289488645998954
556,1563289488480811119,1563289488646142005
557,1563289488481815099,1563289488646306037
558,1563289488482836961,1563289488646445989
559,1563289488483838081,1563289488646588087
560,1563289488484819889,1563289488646727085
561,1563289488485807895,1563289488646888017
562,1563289488486805915,1563289488647030115
563,1563289488487833023,1563289488647171974
564,1563289488489028930,1563289488647332906
565,1563289488489814996,1563289488647479057
566,1563289488490837097,1563289488647620916
567,1563289488491884946,1563289488651032924
568,1563289488492814064,1563289488653848886
569,1563289488493812084,1563289488658606052
570,1563289488494817018,1563289488667994976
571,1563289488495831012,1563289488668519020
572,1563289488496829986,1563289488668812990
573,1563289488497812986,1563289488671603918
574,1563289488498811006,1563289488673476934
575,1563289488499831914,1563289488673811912
576,1563289488500834941,1563289488674103021
577,1563289488501813888,1563289488676793098
578,1563289488502815961,1563289488677088022
579,1563289488503848075,1563289488677417039
580,1563289488504817008,1563289488677737951
581,1563289488505810022,1563289488678029060
582,1563289488506818056,1563289488687757968
583,1563289488507814884,1563289488688107967
584,1563289488508832931,1563289488688396930
585,1563289488509833097,1563289488688724040
586,1563289488510859966,1563289488689011096
587,1563289488511816024,1563289488689335107
588,1563289488512815952,1563289488689611911
589,1563289488513866901,1563289488689933061
590,1563289488514815092,1563289488690213918
591,1563289488515815973,1563289488690524101
592,1563289488516832113,1563289488690802097
593,1563289488517833948,1563289488691082000
594,1563289488518834114,1563289488691364049
595,1563289488520169973,1563289488691646099
596,1563289488520801067,1563289488691976070
597,1563289488521919012,1563289488692260980
598,1563289488522814989,1563289488692543983
599,1563289488523814916,1563289488692827939
600,1563289488524816036,1563289488693104028
601,1563289488525831937,1563289488693386077
602,1563289488526837110,1563289488693658113
603,1563289488527813911,1563289488693931102
604,1563289488528819084,1563289488694315910
605,1563289488529834985,1563289488694713115
606,1563289488530880928,1563289488695003032
607,1563289488531810998,1563289488695286989
608,1563289488532814979,1563289488695569038
609,1563289488533833980,1563289488695852041
610,1563289488534795045,1563289488696130037
611,1563289488535825967,1563289488696413040
612,1563289488536811113,1563289488696691036
613,1563289488537815093,1563289488696966886
614,1563289488538836002,1563289488697251081
615,1563289488539824008,1563289488697532892
616,1563289488540816068,1563289488697817087
617,1563289488541812896,1563289488698101043
618,1563289488542818069,1563289488698383092
619,1563289488543832063,1563289488698662042
620,1563289488544831991,1563289488698945045
621,1563289488545814037,1563289488699229001
622,1563289488546817064,1563289488699512004
623,1563289488547806978,1563289488699794054
624,1563289488548810005,1563289488700243949
625,1563289488549818992,1563289488700532913
626,1563289488550825119,1563289488700819969
627,1563289488551948070,1563289488701103925
628,1563289488552815914,1563289488701390981
629,1563289488553827047,1563289488701673984
630,1563289488554806947,1563289488701997995
631,1563289488555814981,1563289488702423095
632,1563289488556813001,1563289488702711105
633,1563289488557774066,1563289488702995061
634,1563289488558825016,1563289488703453063
635,1563289488559806108,1563289488703821897
636,1563289488560806035,1563289488704109907
637,1563289488561887979,1563289488704533100
638,1563289488562824010,1563289488704816102
639,1563289488563813924,1563289488705100059
640,1563289488564814090,1563289488705390930
641,1563289488565814018,1563289488705670118
642,1563289488566813945,1563289488705955028
643,1563289488567835092,1563289488714508056
644,1563289488568814039,1563289488714811086
645,1563289488569818019,1563289488715096950
646,1563289488570835113,1563289488715383052
647,1563289488571814060,1563289488715667009
648,1563289488572814941,1563289488718246936
649,1563289488573805093,1563289488718727111
650,1563289488574815034,1563289488719022035
651,1563289488575829982,1563289488719312906
652,1563289488576821088,1563289488719600915
653,1563289488577814102,1563289488720742940
654,1563289488578814029,1563289488722598075
655,1563289488579813003,1563289488724176883
656,1563289488580833911,1563289488725539922
657,1563289488581902027,1563289488725831031
658,1563289488582819938,1563289488726119995
659,1563289488583816051,1563289488730632066
660,1563289488584815025,1563289488733908891
661,1563289488585814952,1563289488734282970
662,1563289488586833000,1563289488734575986
663,1563289488587814092,1563289488738394975
664,1563289488588814973,1563289488739025115
665,1563289488589812040,1563289488739463090
666,1563289488590907096,1563289488739742994
667,1563289488591808080,1563289488740016937
668,1563289488594785928,1563289488740299940
669,1563289488595469951,1563289488740583896
670,1563289488596014976,1563289488740866899
671,1563289488596375942,1563289488741291999
672,1563289488596817016,1563289488741576910
673,1563289488597826957,1563289488741997957
674,1563289488607028961,1563289488742284059
675,1563289488607611894,1563289488742568016
676,1563289488608793020,1563289488742846012
677,1563289488615991115,1563289488743124961
678,1563289488616518974,1563289488743406057
679,1563289488617604970,1563289488743807077
680,1563289488618635892,1563289488744092941
681,1563289488622240066,1563289488744375944
682,1563289488622879028,1563289488746886014
683,1563289488624634027,1563289488747343063
684,1563289488625061035,1563289488747632980
685,1563289488626374006,1563289488747919082
686,1563289488627033948,1563289488748198986
687,1563289488636205911,1563289488748482942
688,1563289488636779069,1563289488748997926
689,1563289488639127969,1563289488749289035
690,1563289488639592885,1563289488749572992
691,1563289488640032052,1563289488749857902
692,1563289488644226074,1563289488750144004
693,1563289488644907951,1563289488750428915
694,1563289488647772073,1563289488750786066
695,1563289488648168087,1563289488751070976
696,1563289488649185895,1563289488752376079
697,1563289488649916887,1563289488753169059
698,1563289488650727987,1563289488753546953
699,1563289488651743888,1563289488753832101
700,1563289488652707099,1563289488757792949
701,1563289488653436899,1563289488759412050
702,1563289488654495000,1563289488763746023
703,1563289488655488014,1563289488764192104
704,1563289488656222105,1563289488764486074
705,1563289488657423019,1563289488764771938
706,1563289488658150911,1563289488765055894
707,1563289488659365892,1563289488765340089
708,1563289488660111904,1563289488765619993
709,1563289488661281108,1563289488766041994
710,1563289488662687063,1563289488767276048
711,1563289488663753032,1563289488767775058
712,1563289488664510965,1563289488768059968
713,1563289488665239095,1563289488768564939
714,1563289488666544914,1563289488768866062
715,1563289488667686939,1563289488769153118
716,1563289488669425010,1563289488769435882
717,1563289488671061992,1563289488769720077
718,1563289488672374010,1563289488770004987
719,1563289488674714088,1563289488770283937
720,1563289488675579071,1563289488776215076
721,1563289488676307916,1563289488776634931
722,1563289488678976058,1563289488777601003
723,1563289488679943084,1563289488783808946
724,1563289488716506004,1563289488784126996
725,1563289488717695951,1563289488784637928
726,1563289488722240924,1563289488784925937
727,1563289488723615884,1563289488785212993
728,1563289488724764108,1563289488785497903
729,1563289488726835966,1563289488785782098
730,1563289488727902889,1563289488786066055
731,1563289488728858947,1563289488786348104
732,1563289488729727983,1563289488786763906
733,1563289488731045007,1563289488787045955
734,1563289488732125997,1563289488787333011
735,1563289488733426094,1563289488787612915
736,1563289488735424041,1563289488787890911
737,1563289488736177921,1563289488788172960
738,1563289488737027883,1563289488788455009
739,1563289488738104104,1563289488788738012
740,1563289488744883060,1563289488789022922
741,1563289488745979070,1563289488789305925
742,1563289488754317998,1563289488789586067
743,1563289488755455970,1563289488791270971
744,1563289488756551027,1563289488791712045
745,1563289488757369995,1563289488792289972
746,1563289488758943080,1563289488792586088
747,1563289488760096073,1563289488792869091
748,1563289488761311054,1563289488793152093
749,1563289488762173891,1563289488793435096
750,1563289488763211965,1563289488793716907
751,1563289488766655921,1563289488794132947
752,1563289488771087884,1563289488796863079
753,1563289488774951934,1563289488799710035
754,1563289488776946067,1563289488800153970
755,1563289488778307914,1563289488800451993
756,1563289488779057979,1563289488800740003
757,1563289488779900074,1563289488801021099
758,1563289488780711889,1563289488801306009
759,1563289488781620979,1563289488801592111
760,1563289488782824993,1563289488802016019
761,1563289488794863939,1563289488804018020
762,1563289488797180891,1563289488817044019
763,1563289488798114061,1563289488817379951
764,1563289488799352884,1563289488819410085
765,1563289488802833080,1563289488823970079
766,1563289488804707050,1563289488824275970
767,1563289488805691003,1563289488824558019
768,1563289488807302951,1563289488824841976
769,1563289488808464050,1563289488825130939
770,1563289488809345006,1563289488825690984
771,1563289488810197114,1563289488825973987
772,1563289488811448097,1563289488828531026
773,1563289488812411069,1563289488831326007
774,1563289488813363075,1563289488831621885
775,1563289488814443111,1563289488834481954
776,1563289488815646886,1563289488834780931
777,1563289488816446065,1563289488835211038
778,1563289488818103075,1563289488835623979
779,1563289488819868087,1563289488835911989
780,1563289488822371006,1563289488836195945
781,1563289488826967954,1563289488836949110
782,1563289488828748941,1563289488839488983
783,1563289488829761981,1563289488843305110
784,1563289488830513000,1563289488843611001
785,1563289488832403898,1563289488844018936
786,1563289488837347984,1563289488850461006
787,1563289488838572025,1563289488855495929
788,1563289488840131998,1563289488861131906
789,1563289488841165065,1563289488861440896
790,1563289488842119932,1563289488861727952
791,1563289488844722986,1563289488865658998
792,1563289488846129894,1563289488866342067
793,1563289488846971035,1563289488866861104
794,1563289488847976922,1563289488867166042
795,1563289488848793983,1563289488867451906
796,1563289488849715948,1563289488867738962
797,1563289488851306915,1563289488870563030
798,1563289488852598905,1563289488871023893
799,1563289488853950977,1563289488871470928
800,1563289488854846000,1563289488871764898
801,1563289488856237888,1563289488874794006
802,1563289488857249975,1563289488875938892
803,1563289488858351945,1563289488876236915
804,1563289488859098911,1563289488878325939
805,1563289488860116004,1563289488878623008
806,1563289488862499952,1563289488879044055
807,1563289488863634109,1563289488879329919
808,1563289488864492893,1563289488879611968
809,1563289488868522882,1563289488879898071
810,1563289488869560003,1563289488880184888
811,1563289488872648954,1563289488884443998
812,1563289488874243974,1563289488887876033
813,1563289488876970052,1563289488889713048
814,1563289488881025075,1563289488890158891
815,1563289488882379055,1563289488900580883
816,1563289488883430957,1563289488903871059
817,1563289488885271072,1563289488905709981
818,1563289488886195898,1563289488906002998
819,1563289488886924982,1563289488909410953
820,1563289488888854980,1563289488909707069
821,1563289488891479015,1563289488909991979
822,1563289488893302917,1563289488910423994
823,1563289488894089937,1563289488910710096
824,1563289488895117044,1563289488910984992
825,1563289488896260976,1563289488915095090
826,1563289488897476911,1563289488915399074
827,1563289488898242950,1563289488915685892
828,1563289488899250030,1563289488916085958
829,1563289488900135040,1563289488916604042
830,1563289488901738882,1563289488916992902
831,1563289488902863025,1563289488920069932
832,1563289488904745101,1563289488924966096
833,1563289488906729936,1563289488925268888
834,1563289488908217906,1563289488925664901
835,1563289488911683082,1563289488925951957
836,1563289488912770986,1563289488926234960
837,1563289488913770914,1563289489330529928
838,1563289488917867898,1563289489345698118
839,1563289488919121026,1563289489345999956
840,1563289488922430038,1563289489346291065
841,1563289488923309087,1563289489346579074
842,1563289488926599025,1563289489346869945
843,1563289488927334070,1563289489347157955
844,1563289488928420066,1563289489347445964
845,1563289488929399967,1563289489347733020
846,1563289488930401086,1563289489348181009
847,1563289488931421041,1563289489348447084
848,1563289488932406902,1563289489348711013
849,1563289488933571100,1563289489348974943
850,1563289488934536933,1563289489349237918
851,1563289488935409069,1563289489349502086
852,1563289488936410903,1563289489349766969
853,1563289488937412023,1563289489350030899
854,1563289488938410997,1563289489350315093
855,1563289488939409971,1563289489350600957
856,1563289488940412998,1563289489350980997
857,1563289488941438913,1563289489351274013
858,1563289488942539930,1563289489351560115
859,1563289488943412065,1563289489351876020
860,1563289488944413900,1563289489352298974
861,1563289488945415019,1563289489352600097
862,1563289488946413993,1563289489352916955
863,1563289488947410106,1563289489353184938
864,1563289488948412895,1563289489353451967
865,1563289488949413061,1563289489353718996
866,1563289488950417995,1563289489353982925
867,1563289488951493024,1563289489354247093
868,1563289488952419996,1563289489354511022
869,1563289488953345060,1563289489354778051
870,1563289488954395055,1563289489355042934
871,1563289488955398082,1563289489355307102
872,1563289488956415891,1563289489355571031
873,1563289488957396030,1563289489355837106
874,1563289488958395004,1563289489356101036
875,1563289488959397077,1563289489356364965
876,1563289488960397958,1563289489356627941
877,1563289488961472034,1563289489356899976
878,1563289488962584018,1563289489357187032
879,1563289488963494062,1563289489357508897
880,1563289488964361906,1563289489357774972
881,1563289488965399980,1563289489358038902
882,1563289488966413974,1563289489358302116
883,1563289488967420101,1563289489358563899
884,1563289488968416929,1563289489358835935
885,1563289488969413042,1563289489359097957
886,1563289488970988035,1563289489359363079
887,1563289488971980094,1563289489359626054
888,1563289488973220109,1563289489359889030
889,1563289488973958015,1563289489360155105
890,1563289488974683046,1563289489360415935
891,1563289488975403070,1563289489360680103
892,1563289488976330041,1563289489360941886
893,1563289488977416038,1563289489361206054
894,1563289488978419065,1563289489361470937
895,1563289488979402065,1563289489361733913
896,1563289488980401039,1563289489362102031
897,1563289488981400966,1563289489362369060
898,1563289488982428073,1563289489362632989
899,1563289488983413934,1563289489362898111
900,1563289488984527111,1563289489363159894
901,1563289488985411882,1563289489363424062
902,1563289488986408948,1563289489363687992
903,1563289488987409114,1563289489363950967
904,1563289488988409042,1563289489364213943
905,1563289488989408016,1563289489364476919
906,1563289488990410089,1563289489364741086
907,1563289488991655111,1563289489365004062
908,1563289488992685079,1563289489365268945
909,1563289488993397951,1563289489365545988
910,1563289488994415044,1563289489365856885
911,1563289488995410919,1563289489366122961
912,1563289488996398925,1563289489366388082
913,1563289488997412919,1563289489366652965
914,1563289488998415946,1563289489366918087
915,1563289488999399900,1563289489367182016
916,1563289489000402927,1563289489367446899
917,1563289489001399040,1563289489367711067
918,1563289489002335071,1563289489367974996
919,1563289489003412008,1563289489368238925
920,1563289489004410982,1563289489368503093
921,1563289489005412101,1563289489368767976
922,1563289489006411075,1563289489369134902
923,1563289489007411003,1563289489369406938
924,1563289489008409976,1563289489369671106
925,1563289489009411096,1563289489369934082
926,1563289489010415077,1563289489370201110
927,1563289489011413097,1563289489370464086
928,1563289489012630939,1563289489370804071
929,1563289489013459920,1563289489371068000
930,1563289489014413118,1563289489371334075
931,1563289489015644073,1563289489371596097
932,1563289489016422986,1563289489371953964
933,1563289489017416000,1563289489372222900
934,1563289489018645048,1563289489372487068
935,1563289489019450902,1563289489372750997
936,1563289489022062063,1563289489373016119
937,1563289489023255109,1563289489373279094
938,1563289489023998975,1563289489373543977
939,1563289489024722099,1563289489373959064
940,1563289489025438070,1563289489374226093
941,1563289489026154041,1563289489374488115
942,1563289489026870965,1563289489374752998
943,1563289489027594089,1563289489375016927
944,1563289489028712987,1563289489375283002
945,1563289489029427051,1563289489375545978
946,1563289489030400037,1563289489375809907
947,1563289489031419038,1563289489376074075
948,1563289489032524108,1563289489376337051
949,1563289489033345937,1563289489376600027
950,1563289489034503936,1563289489376863956
951,1563289489035330057,1563289489377127885
952,1563289489036396026,1563289489377393007
953,1563289489037416934,1563289489377655029
954,1563289489038414955,1563289489377919912
955,1563289489039411067,1563289489378182888
956,1563289489040410995,1563289489378444910
957,1563289489041454076,1563289489378707885
958,1563289489042515039,1563289489378971099
959,1563289489043414115,1563289489379234075
960,1563289489044414043,1563289489379497051
961,1563289489045470952,1563289489379760980
962,1563289489046401023,1563289489380024909
963,1563289489047415971,1563289489380290031
964,1563289489048414945,1563289489380553960
965,1563289489049412965,1563289489380820989
966,1563289489050414085,1563289489381083965
967,1563289489051487922,1563289489381347894
968,1563289489052515029,1563289489381611108
969,1563289489053343057,1563289489381983995
970,1563289489054397106,1563289489382314920
971,1563289489055399894,1563289489382674932
972,1563289489056397914,1563289489382952928
973,1563289489057414054,1563289489383239984
974,1563289489058394908,1563289489383611917
975,1563289489059395074,1563289489383902072
976,1563289489060395956,1563289489384187936
977,1563289489061475992,1563289489384474039
978,1563289489062480926,1563289489384762048
979,1563289489063396930,1563289489385045051
980,1563289489064419031,1563289489385356903
981,1563289489065418004,1563289489385621070
982,1563289489066585063,1563289489385884046
983,1563289489067564964,1563289489386148929
984,1563289489068463087,1563289489386411905
985,1563289489069617986,1563289489386677026
986,1563289489070343971,1563289489386943101
987,1563289489071485042,1563289489387207984
988,1563289489072403907,1563289489387471914
989,1563289489073414087,1563289489387734889
990,1563289489074409961,1563289489387999057
991,1563289489075409889,1563289489388262033
992,1563289489076407909,1563289489388528108
993,1563289489077409982,1563289489388792037
994,1563289489078416109,1563289489389054059
995,1563289489079411029,1563289489389317989
996,1563289489080413103,1563289489389581918
997,1563289489081484079,1563289489389847040
998,1563289489082379102,1563289489390110015
999,1563289489083415031,1563289489390372991
